Workbook

Sheet Start Here
A1: IELTS Academic (Computer) - 60-Day Self-Study Plan for Band 7
A2: Self-study, 3 hours a day. ChatGPT and Gemini act as Speaking and Writing examiner.
A4: Plan start date (edit) | B4: 46310 | C4: Every date in the plan updates from this cell.
A5: Exam date (edit) | B5: 46370 | C5: Book a computer slot for 14-20 Dec 2026 now; enter the real date here.
A6: Days left to exam | B6: =B5-TODAY() -> 61 | C6: Counts down automatically.
A7: Target overall band | B7: 7 | C7: Also check each employer/regulator's minimum per skill (UK, Ireland, NZ).
A8: Sessions completed | B8: =COUNTIF('60-Day Plan'!J5:J64,"Yes") -> 0 | C8: From the Done column of the 60-Day Plan.
A11: The daily 3-hour session
A12: Block | B12: Minutes | C12: What she does
A13: 1. Warm-up | B13: 15 | C13: 10 min typing (monkeytype/keybr) + 5 min revise spelling/error list
A14: 2. Listening | B14: 35 | C14: Practice on screen, answers typed directly, no pausing
A15: 3. Reading | B15: 40 | C15: Passage or test on screen, using highlight and flag tools
A16: 4. Writing | B16: 45 | C16: Task 1 or Task 2 typed with word count, then AI Prompt 3
A17: 5. Speaking | B17: 35 | C17: Recorded answers, marked by ChatGPT or Gemini (Prompts 1-2)
A18: 6. Review | B18: 10 | C18: Add every mistake to the Error Log; write 3 lessons learned
A19: Total | B19: =SUM(B13:B18) -> 180 | C19: Working days: blocks 1-3 before work (1.5 hrs), blocks 4-6 after work (1.5 hrs).
A22: Rules for AI scoring
A23: 1. Always paste the same prompt (AI Prompts sheet) so scores are comparable.
A24: 2. Speaking: use voice mode, then ask for transcript + score. Also record on the phone and replay.
A25: 3. Never memorise AI-written answers; examiners lower the score for memorised answers.
A26: 4. Score the same piece in ChatGPT and Gemini weekly; if they differ, use the LOWER band.
A27: 5. Computer Speaking in India is a live interview with an examiner, often by video call: practise out loud.
A30: Legend
A31: Yellow cell, blue text | B31: You type here (inputs)
A32: Green row | B32: Full mock test session
A33: Blue row | B33: Light / rest session
A35: Codes like FAM, BC-L, CAM, LIZ are explained on the Resources sheet (with links).

Sheet 60-Day Plan
A1: 60-Session Day-by-Day Plan (3 hrs/day)
A2: Mark 'Done' each night. Resource codes -> Resources sheet. Prompts -> AI Prompts sheet.
A4: # | B4: Date | C4: Phase | D4: Today's focus | E4: Listening (35m) | F4: Reading (40m) | G4: Writing (45m) | H4: Speaking with AI (35m) | I4: AI band today | J4: Done? | K4: Notes / 3 lessons
A5: 1 | B5: ='Start Here'!$B$4+A5-1 -> 46310 | C5: Phase 1: Computer comfort + baseline | D5: MOCK 1: baseline | E5: FAM full Listening, typed | F5: FAM full Reading (60m, borrow from Writing) | G5: FAM Writing T1+T2 (60m), AI Prompt 3 | H5: AI Prompt 1 full test; note band + filler counts
A6: 2 | B6: ='Start Here'!$B$4+A6-1 -> 46311 | C6: Phase 1: Computer comfort + baseline | D6: Screen tools | E6: BC-L Section 1; practise Tab between boxes | F6: BC-R: highlight, notes, flag on 1 passage | G6: Learn T1 structure: intro, overview, 2 body paras | H6: Part 1 Home + Hometown (LIZ Part 1), Prompt 2
A7: 3 | B7: ='Start Here'!$B$4+A7-1 -> 46312 | C7: Phase 1: Computer comfort + baseline | D7: Type and listen | E7: CAM Test 1 Sec 1+2, typed into a laptop document | F7: TFNG passage, 20m | G7: T2 opinion essay, plan 5m + type 35m, Prompt 3 | H7: Part 1 Work + Free time; record and replay
A8: 4 | B8: ='Start Here'!$B$4+A8-1 -> 46313 | C8: Phase 1: Computer comfort + baseline | D8: Spelling traps | E8: CAM Test 1 Sec 3+4; add every misspelling to error log | F8: Matching headings passage | G8: T1 line graph (BC-W), aim 170-190 words | H8: Part 2: describe a person (LIZ Part 2), 1m notes + 2m talk
A9: 5 | B9: ='Start Here'!$B$4+A9-1 -> 46314 | C9: Phase 1: Computer comfort + baseline | D9: Paraphrase | E9: IDP-FAM Listening, focus on synonyms | F9: Sentence + summary completion | G9: T2 discuss both views | H9: Part 2: describe a place; Prompt 2 counts repeated words
A10: 6 | B10: ='Start Here'!$B$4+A10-1 -> 46315 | C10: Phase 1: Computer comfort + baseline | D10: Writing on screen | E10: CAM Test 2 Sec 1+2 | F10: Multiple choice passage | G10: T1 table; watch word counter | H10: Part 3: 'Why do you think...?' opinion + reason + example
A11: 7 | B11: ='Start Here'!$B$4+A11-1 -> 46316 | C11: Phase 1: Computer comfort + baseline | D11: Light review | E11: Redo all wrong Listening answers with transcript | F11: Re-read hard TFNG questions | G11: Rewrite Session 1 essay using AI feedback | H11: BBC 6 Minute English: shadow 15m
A12: 8 | B12: ='Start Here'!$B$4+A12-1 -> 46317 | C12: Phase 1: Computer comfort + baseline | D12: Listening accuracy | E12: CAM Test 2 full, no pause | F12: Matching information passage | G12: T2 problem-solution | H12: Part 1 x 8 questions, Prompt 2
A13: 9 | B13: ='Start Here'!$B$4+A13-1 -> 46318 | C13: Phase 1: Computer comfort + baseline | D13: Reading speed | E13: CAM Test 2 Sec 3+4 | F13: Full Reading, skim 2m per passage | G13: T1 bar chart | H13: Part 2: an object you use; Prompt 2
A14: 10 | B14: ='Start Here'!$B$4+A14-1 -> 46319 | C14: Phase 1: Computer comfort + baseline | D14: Distractors | E14: BC-L full; mark where speakers change their mind | F14: TFNG + Yes/No/Not Given | G14: T2 advantages/disadvantages | H14: Part 3: Education + Technology
A15: 11 | B15: ='Start Here'!$B$4+A15-1 -> 46320 | C15: Phase 1: Computer comfort + baseline | D15: Task 1 overview | E15: CAM Test 3 Sec 1+2 | F15: Headings + paragraph matching | G15: T1 pie charts; overview with no numbers | H15: Full speaking test, Prompt 1 (voice)
A16: 12 | B16: ='Start Here'!$B$4+A16-1 -> 46321 | C16: Phase 1: Computer comfort + baseline | D16: Fillers | E16: CAM Test 3 Sec 3+4 | F16: Summary completion with word box | G16: T2 two-part question | H16: Part 1+2: replace top 3 repeated words (from AI counts)
... A64: 60 | B64: ='Start Here'!$B$4+A64-1 -> 46369 | C64: Final: Rest + exam | D64: Rest | E64: - | F64: - | G64: - | H64: 5-minute Part 1 warm-up only

Sheet AI Prompts
A1: Copy-paste prompts for ChatGPT and Gemini
A2: Replace the [brackets]. Use the same prompt every time so scores are comparable.
A4: Prompt | B4: Text to copy
A5: Prompt 1: live Speaking test (voice mode) | B5: Act as a strict, certified IELTS Speaking examiner. Run a full IELTS Speaking test (Part 1: 4-5 min, Part 2: 1 min prep + 2 min talk, Part 3: 4-5 min) on a topic you choose. Ask one question at a time and do not help me or praise me during the test. When it ends, give: (1) a band for Fluency & Coherence, Lexical Resource, Grammatical Range & Accuracy, and Pronunciation using the official public band descriptors; (2) the overall band; (3) every word or phrase I repeated more than 3 times, with counts; (4) my filler words (umm, actually, basically, like) with counts; (5) the 3 most important fixes for Band 7, with one better example sentence each. Be honest; do not inflate the score.
A6: Prompt 2: score a recorded answer (paste transcript) | B6: Below is the transcript of my IELTS Speaking Part [1/2/3] answer to the question: "[question]". Mark it as a strict IELTS examiner using the official public band descriptors. Give a band for each of the 4 criteria, list repeated words and fillers with counts, mark grammar errors with corrections, and suggest 5 topic words a Band 7-8 speaker would use. Do not rewrite my whole answer. [paste transcript]
A7: Prompt 3: Writing marking | B7: Act as a strict IELTS Academic Writing examiner. Here is my Task [1/2]. Question: [paste question]. My answer ([word count] words): [paste answer]. Give a band for Task Achievement/Response, Coherence & Cohesion, Lexical Resource and Grammatical Range & Accuracy using the official public band descriptors, with a reason for each. Then list my grammar and spelling errors with corrections, my over-used words, and the 3 changes that would most raise this to Band 7. Do not rewrite the full essay.
A8: Prompt 4: weekly progress check | B8: Here are my last 7 days of IELTS scores and error notes: [paste]. Tell me my 2 weakest areas, a pattern in my mistakes, and exactly what to practise next week in a 3-hour daily routine.

Sheet Resources
A1: Websites and resources (codes used in the plan)
A2: Links checked 14 Oct 2026. Use official sources for all mocks.
A4: Code | B4: Resource | C4: Use it for | D4: Link | E4: Cost
A5: FAM | B5: Computer familiarisation test (British Council) | C5: The real test-day screen: Listening, Reading, Writing; L and R auto-scored | D5: https://takeielts.britishcouncil.org/take-ielts/prepare/free-ielts-english-practice-tests/ielts-on-computer/familiarisation-test | E5: Free
A6: IDP-FAM | B6: Computer familiarisation test (IDP India) | C6: Second version of the real screen | D6: https://ieltsidpindia.com/information/computer-delivered-ielts-familiarisation-test | E6: Free
A7: BC-L | B7: British Council Academic Listening practice | C7: Skill practice tests with answers | D7: https://takeielts.britishcouncil.org/prepare/ielts-free-practice-mock-tests/academic/listening | E7: Free
A8: BC-R | B8: British Council Academic Reading practice | C8: Skill practice tests with answers | D8: https://takeielts.britishcouncil.org/prepare/ielts-free-practice-mock-tests/academic/reading | E8: Free
A9: BC-W | B9: British Council Academic Writing practice | C9: Writing tasks and samples | D9: https://takeielts.britishcouncil.org/prepare/ielts-free-practice-mock-tests/academic/writing | E9: Free
A10: BC-S | B10: British Council Speaking practice | C10: Speaking practice by topic | D10: https://takeielts.britishcouncil.org/prepare/ielts-free-practice-mock-tests/academic/speaking | E10: Free
A11: IDP-MOCK | B11: IDP India free mock tests | C11: Full mocks in a test-like environment | D11: https://ieltsidpindia.com/prepare/ielts-mock-tests | E11: Free
A12: IDP-APP | B12: IELTS by IDP app | C12: Practice tests, typing exercises, vocabulary | D12: https://ieltsidpindia.com/ielts/app | E12: Free
A13: CAM | B13: Cambridge IELTS Academic books 15-20 | C13: Real past papers for full mocks (CAM Test N: Book 15 = Tests 1-4, Book 16 = 5-8 ... Book 20 = 21-24) | D13: Bookshops / Amazon | E13: Paid
A14: LIZ | B14: IELTS Liz speaking topics | C14: Current Part 1/2/3 topics and model answers | D14: https://ieltsliz.com/ielts-speaking-topics/ | E14: Free
A15: LIZ-P1 | B15: IELTS Liz Part 1 topics | C15: Part 1 questions | D15: https://ieltsliz.com/ielts-speaking-part-1-topics/ | E15: Free
... A26: OSR | B26: IELTS One Skill Retake | C26: Backup: retake one skill within 60 days | D26: https://ielts.org/take-a-test/booking-your-test/one-skill-retake | E26: Paid

Sheet Band Conversion
A1: Raw score (out of 40) to band - approximate
A2: Lower bound of each range. Official tables vary slightly per test.
A4: Min correct | B4: Listening band | D4: Min correct | E4: Academic Reading band
A5: 0 | B5: 0 | D5: 0 | E5: 0
A6: 4 | B6: 2.5 | D6: 4 | E6: 2.5
A7: 6 | B7: 3 | D7: 6 | E7: 3
A8: 8 | B8: 3.5 | D8: 8 | E8: 3.5
A9: 10 | B9: 4 | D9: 10 | E9: 4
A10: 13 | B10: 4.5 | D10: 13 | E10: 4.5
A11: 16 | B11: 5 | D11: 15 | E11: 5
A12: 18 | B12: 5.5 | D12: 19 | E12: 5.5
A13: 23 | B13: 6 | D13: 23 | E13: 6
A14: 26 | B14: 6.5 | D14: 27 | E14: 6.5
A15: 30 | B15: 7 | D15: 30 | E15: 7
A16: 32 | B16: 7.5 | D16: 33 | E16: 7.5
... A19: 39 | B19: 9 | D19: 39 | E19: 9

Sheet Mock Score Tracker
A1: Mock Test Score Tracker (8 mocks)
A2: Enter raw L/R scores and AI bands. Writing/Speaking use the LOWER of ChatGPT and Gemini.
A4: Mock # | B4: Session | C4: Date | D4: Listening /40 | E4: Listening band | F4: Reading /40 | G4: Reading band | H4: Writing ChatGPT | I4: Writing Gemini | J4: Writing used | K4: Speaking ChatGPT | L4: Speaking Gemini | M4: Speaking used | N4: Overall | O4: Gap to target | P4: Weakest skill
A5: 1 | B5: 1 | C5: ='Start Here'!$B$4+B5-1 -> 46310 | D5: 27 | E5: =IF(D5="","",INDEX('Band Conversion'!$B$5:$B$19,MATCH(D5,'Band Conversion'!$A$5:$A$19,1))) -> 6.5 | F5: 25 | G5: =IF(F5="","",INDEX('Band Conversion'!$E$5:$E$19,MATCH(F5,'Band Conversion'!$D$5:$D$19,1))) -> 6 | H5: 6.5 | I5: 6 | J5: =IF(COUNT(H5:I5)=0,"",MIN(H5:I5)) -> 6 | K5: 6.5 | L5: 6 | M5: =IF(COUNT(K5:L5)=0,"",MIN(K5:L5)) -> 6 | N5: =IF(COUNT(E5,G5,J5,M5)<4,"",ROUND(AVERAGE(E5,G5,J5,M5)*2,0)/2) -> 6 | O5: =IF(N5="","",N5-'Start Here'!$B$7) -> -1 | P5: =IF(N5="","",IF(MIN(E5,G5,J5,M5)=E5,"Listening",IF(MIN(E5,G5,J5,M5)=G5,"Reading",IF(MIN(E5,G5,J5,M5)=J5,"Writing","Speaking")))) -> Reading
A6: 2 | B6: 14 | C6: ='Start Here'!$B$4+B6-1 -> 46323 | E6: =IF(D6="","",INDEX('Band Conversion'!$B$5:$B$19,MATCH(D6,'Band Conversion'!$A$5:$A$19,1))) | G6: =IF(F6="","",INDEX('Band Conversion'!$E$5:$E$19,MATCH(F6,'Band Conversion'!$D$5:$D$19,1))) | J6: =IF(COUNT(H6:I6)=0,"",MIN(H6:I6)) | M6: =IF(COUNT(K6:L6)=0,"",MIN(K6:L6)) | N6: =IF(COUNT(E6,G6,J6,M6)<4,"",ROUND(AVERAGE(E6,G6,J6,M6)*2,0)/2) | O6: =IF(N6="","",N6-'Start Here'!$B$7) | P6: =IF(N6="","",IF(MIN(E6,G6,J6,M6)=E6,"Listening",IF(MIN(E6,G6,J6,M6)=G6,"Reading",IF(MIN(E6,G6,J6,M6)=J6,"Writing","Speaking"))))
A7: 3 | B7: 21 | C7: ='Start Here'!$B$4+B7-1 -> 46330 | E7: =IF(D7="","",INDEX('Band Conversion'!$B$5:$B$19,MATCH(D7,'Band Conversion'!$A$5:$A$19,1))) | G7: =IF(F7="","",INDEX('Band Conversion'!$E$5:$E$19,MATCH(F7,'Band Conversion'!$D$5:$D$19,1))) | J7: =IF(COUNT(H7:I7)=0,"",MIN(H7:I7)) | M7: =IF(COUNT(K7:L7)=0,"",MIN(K7:L7)) | N7: =IF(COUNT(E7,G7,J7,M7)<4,"",ROUND(AVERAGE(E7,G7,J7,M7)*2,0)/2) | O7: =IF(N7="","",N7-'Start Here'!$B$7) | P7: =IF(N7="","",IF(MIN(E7,G7,J7,M7)=E7,"Listening",IF(MIN(E7,G7,J7,M7)=G7,"Reading",IF(MIN(E7,G7,J7,M7)=J7,"Writing","Speaking"))))
A8: 4 | B8: 28 | C8: ='Start Here'!$B$4+B8-1 -> 46337 | E8: =IF(D8="","",INDEX('Band Conversion'!$B$5:$B$19,MATCH(D8,'Band Conversion'!$A$5:$A$19,1))) | G8: =IF(F8="","",INDEX('Band Conversion'!$E$5:$E$19,MATCH(F8,'Band Conversion'!$D$5:$D$19,1))) | J8: =IF(COUNT(H8:I8)=0,"",MIN(H8:I8)) | M8: =IF(COUNT(K8:L8)=0,"",MIN(K8:L8)) | N8: =IF(COUNT(E8,G8,J8,M8)<4,"",ROUND(AVERAGE(E8,G8,J8,M8)*2,0)/2) | O8: =IF(N8="","",N8-'Start Here'!$B$7) | P8: =IF(N8="","",IF(MIN(E8,G8,J8,M8)=E8,"Listening",IF(MIN(E8,G8,J8,M8)=G8,"Reading",IF(MIN(E8,G8,J8,M8)=J8,"Writing","Speaking"))))
A9: 5 | B9: 35 | C9: ='Start Here'!$B$4+B9-1 -> 46344 | E9: =IF(D9="","",INDEX('Band Conversion'!$B$5:$B$19,MATCH(D9,'Band Conversion'!$A$5:$A$19,1))) | G9: =IF(F9="","",INDEX('Band Conversion'!$E$5:$E$19,MATCH(F9,'Band Conversion'!$D$5:$D$19,1))) | J9: =IF(COUNT(H9:I9)=0,"",MIN(H9:I9)) | M9: =IF(COUNT(K9:L9)=0,"",MIN(K9:L9)) | N9: =IF(COUNT(E9,G9,J9,M9)<4,"",ROUND(AVERAGE(E9,G9,J9,M9)*2,0)/2) | O9: =IF(N9="","",N9-'Start Here'!$B$7) | P9: =IF(N9="","",IF(MIN(E9,G9,J9,M9)=E9,"Listening",IF(MIN(E9,G9,J9,M9)=G9,"Reading",IF(MIN(E9,G9,J9,M9)=J9,"Writing","Speaking"))))
A10: 6 | B10: 42 | C10: ='Start Here'!$B$4+B10-1 -> 46351 | E10: =IF(D10="","",INDEX('Band Conversion'!$B$5:$B$19,MATCH(D10,'Band Conversion'!$A$5:$A$19,1))) | G10: =IF(F10="","",INDEX('Band Conversion'!$E$5:$E$19,MATCH(F10,'Band Conversion'!$D$5:$D$19,1))) | J10: =IF(COUNT(H10:I10)=0,"",MIN(H10:I10)) | M10: =IF(COUNT(K10:L10)=0,"",MIN(K10:L10)) | N10: =IF(COUNT(E10,G10,J10,M10)<4,"",ROUND(AVERAGE(E10,G10,J10,M10)*2,0)/2) | O10: =IF(N10="","",N10-'Start Here'!$B$7) | P10: =IF(N10="","",IF(MIN(E10,G10,J10,M10)=E10,"Listening",IF(MIN(E10,G10,J10,M10)=G10,"Reading",IF(MIN(E10,G10,J10,M10)=J10,"Writing","Speaking"))))
A11: 7 | B11: 49 | C11: ='Start Here'!$B$4+B11-1 -> 46358 | E11: =IF(D11="","",INDEX('Band Conversion'!$B$5:$B$19,MATCH(D11,'Band Conversion'!$A$5:$A$19,1))) | G11: =IF(F11="","",INDEX('Band Conversion'!$E$5:$E$19,MATCH(F11,'Band Conversion'!$D$5:$D$19,1))) | J11: =IF(COUNT(H11:I11)=0,"",MIN(H11:I11)) | M11: =IF(COUNT(K11:L11)=0,"",MIN(K11:L11)) | N11: =IF(COUNT(E11,G11,J11,M11)<4,"",ROUND(AVERAGE(E11,G11,J11,M11)*2,0)/2) | O11: =IF(N11="","",N11-'Start Here'!$B$7) | P11: =IF(N11="","",IF(MIN(E11,G11,J11,M11)=E11,"Listening",IF(MIN(E11,G11,J11,M11)=G11,"Reading",IF(MIN(E11,G11,J11,M11)=J11,"Writing","Speaking"))))
A12: 8 | B12: 54 | C12: ='Start Here'!$B$4+B12-1 -> 46363 | E12: =IF(D12="","",INDEX('Band Conversion'!$B$5:$B$19,MATCH(D12,'Band Conversion'!$A$5:$A$19,1))) | G12: =IF(F12="","",INDEX('Band Conversion'!$E$5:$E$19,MATCH(F12,'Band Conversion'!$D$5:$D$19,1))) | J12: =IF(COUNT(H12:I12)=0,"",MIN(H12:I12)) | M12: =IF(COUNT(K12:L12)=0,"",MIN(K12:L12)) | N12: =IF(COUNT(E12,G12,J12,M12)<4,"",ROUND(AVERAGE(E12,G12,J12,M12)*2,0)/2) | O12: =IF(N12="","",N12-'Start Here'!$B$7) | P12: =IF(N12="","",IF(MIN(E12,G12,J12,M12)=E12,"Listening",IF(MIN(E12,G12,J12,M12)=G12,"Reading",IF(MIN(E12,G12,J12,M12)=J12,"Writing","Speaking"))))
A14: Mock 1 holds EXAMPLE scores - overwrite with her real results.
A15: Overall = average of 4 skills rounded to nearest 0.5 (x.25 up to x.5, x.75 up to next band).

Sheet Speaking AI Log
A1: Daily Speaking Log - scores from ChatGPT / Gemini
A2: Copy the AI's numbers here after each Speaking block. Watch fillers fall over time.
A4: # | B4: Date | C4: AI used | D4: Part (1/2/3) | E4: Topic / question | F4: Fluency | G4: Vocabulary | H4: Grammar | I4: Pronunciation | J4: AI overall | K4: Fillers count | L4: Top repeated words | M4: Fix for tomorrow
A5: 1 | B5: ='Start Here'!$B$4+A5-1 -> 46310 | C5: ChatGPT | D5: 1+2+3 | E5: Full test - hometown; describe a person | F5: 6 | G5: 6 | H5: 6 | I5: 6.5 | J5: =IF(COUNT(F5:I5)<4,"",ROUND(AVERAGE(F5:I5)*2,0)/2) -> 6 | K5: 14 | L5: actually, very, basically | M5: Silent pause instead of 'umm'
A6: 2 | B6: ='Start Here'!$B$4+A6-1 -> 46311 | J6: =IF(COUNT(F6:I6)<4,"",ROUND(AVERAGE(F6:I6)*2,0)/2)
A7: 3 | B7: ='Start Here'!$B$4+A7-1 -> 46312 | J7: =IF(COUNT(F7:I7)<4,"",ROUND(AVERAGE(F7:I7)*2,0)/2)
A8: 4 | B8: ='Start Here'!$B$4+A8-1 -> 46313 | J8: =IF(COUNT(F8:I8)<4,"",ROUND(AVERAGE(F8:I8)*2,0)/2)
A9: 5 | B9: ='Start Here'!$B$4+A9-1 -> 46314 | J9: =IF(COUNT(F9:I9)<4,"",ROUND(AVERAGE(F9:I9)*2,0)/2)
A10: 6 | B10: ='Start Here'!$B$4+A10-1 -> 46315 | J10: =IF(COUNT(F10:I10)<4,"",ROUND(AVERAGE(F10:I10)*2,0)/2)
A11: 7 | B11: ='Start Here'!$B$4+A11-1 -> 46316 | J11: =IF(COUNT(F11:I11)<4,"",ROUND(AVERAGE(F11:I11)*2,0)/2)
A12: 8 | B12: ='Start Here'!$B$4+A12-1 -> 46317 | J12: =IF(COUNT(F12:I12)<4,"",ROUND(AVERAGE(F12:I12)*2,0)/2)
A13: 9 | B13: ='Start Here'!$B$4+A13-1 -> 46318 | J13: =IF(COUNT(F13:I13)<4,"",ROUND(AVERAGE(F13:I13)*2,0)/2)
A14: 10 | B14: ='Start Here'!$B$4+A14-1 -> 46319 | J14: =IF(COUNT(F14:I14)<4,"",ROUND(AVERAGE(F14:I14)*2,0)/2)
A15: 11 | B15: ='Start Here'!$B$4+A15-1 -> 46320 | J15: =IF(COUNT(F15:I15)<4,"",ROUND(AVERAGE(F15:I15)*2,0)/2)
A16: 12 | B16: ='Start Here'!$B$4+A16-1 -> 46321 | J16: =IF(COUNT(F16:I16)<4,"",ROUND(AVERAGE(F16:I16)*2,0)/2)
A17: 13 | B17: ='Start Here'!$B$4+A17-1 -> 46322 | J17: =IF(COUNT(F17:I17)<4,"",ROUND(AVERAGE(F17:I17)*2,0)/2)
... A64: 60 | B64: ='Start Here'!$B$4+A64-1 -> 46369 | J64: =IF(COUNT(F64:I64)<4,"",ROUND(AVERAGE(F64:I64)*2,0)/2)
A66: Row 1 is an EXAMPLE - overwrite it.
A67: Fillers: Session 1 minus latest | K67: =IFERROR(K5-LOOKUP(9.99E+307,K5:K64),"") -> 0 | L67: positive = fewer fillers (improving)

Sheet Error Log
A1: Mistake / Spelling Error Log
A2: Every wrong answer goes here. Revise in the 15-min warm-up daily.
A3: Row 5 is an EXAMPLE.
A4: Date | B4: Skill | C4: Question type | D4: My answer | E4: Correct answer | F4: Why wrong (spelling / plural / distractor / time / word limit) | G4: Fixed?
A5: 46310 | B5: Listening | C5: Form completion | D5: acommodation | E5: accommodation | F5: Spelling - double c, double m | G5: Yes
